pubchemqc_id,smiles,formula,iupac_name,inchikey,homo_eV,lumo_eV,gap_eV,total_energy_Hartree,dipole_Debye,uv_abs_lambda_max_nm,class_description
PubChemQC_0001,c1ccccc1,C6H6,Benzene,UHOVQNZJYSORNB-UHFFFAOYSA-N,-6.993,-0.163,6.83,-232.312,0.0,178.5,Aromatic core
PubChemQC_0002,c1ccncc1,C5H5N,Pyridine,JUJWROOIHBZHMG-UHFFFAOYSA-N,-7.238,-0.68,6.558,-248.361,2.215,250.2,Azine heterocycle
PubChemQC_0003,c1ccoc1,C4H4O,Furan,YLQBMQCUIZJEEH-UHFFFAOYSA-N,-6.422,-0.109,6.313,-229.982,0.661,205.0,Oxole heterocycle
PubChemQC_0004,c1ccsc1,C4H4S,Thiophene,YTPLMLYBLZKORZ-UHFFFAOYSA-N,-6.531,-0.544,5.987,-553.014,0.55,231.0,Thiole heterocycle
PubChemQC_0005,c1cc[nH]c1,C4H5N,Pyrrole,KAESVBBDRLVAAS-UHFFFAOYSA-N,-5.741,0.272,6.013,-210.125,1.805,210.0,Azole heterocycle
PubChemQC_0006,Cc1ccccc1,C7H8,Toluene,YXFVVABEGXRONW-UHFFFAOYSA-N,-6.721,-0.19,6.531,-271.643,0.375,261.5,Methylarene
PubChemQC_0007,Oc1ccccc1,C6H6O,Phenol,ISWSIDIOOBJBQZ-UHFFFAOYSA-N,-6.258,-0.245,6.013,-307.545,1.224,270.8,Hydroxyarene
PubChemQC_0008,Nc1ccccc1,C6H7N,Aniline,PAYRUJLWNCNPSJ-UHFFFAOYSA-N,-5.497,-0.054,5.443,-287.698,1.53,280.0,Aminoarene
PubChemQC_0009,O=Cc1ccccc1,C7H6O,Benzaldehyde,HUMVNWLQNRPTRY-UHFFFAOYSA-N,-7.129,-1.497,5.632,-345.621,3.12,248.0,Formylarene
PubChemQC_0010,O=[N+]([O-])c1ccccc1,C6H5NO2,Nitrobenzene,LQNUZADURLCDLV-UHFFFAOYSA-N,-7.673,-2.177,5.496,-436.882,4.22,260.0,Nitroarene
PubChemQC_0011,CC(=O)Oc1ccccc1C(=O)O,C9H8O4,Aspirin,BSYNRYMUTXBXSQ-UHFFFAOYSA-N,-7.02,-1.36,5.66,-648.912,2.45,276.0,Analgesic / NSAID
PubChemQC_0012,CC(=O)Nc1ccc(O)cc1,C8H9NO2,Paracetamol,RZVAJINKPMORJF-UHFFFAOYSA-N,-5.768,-0.626,5.142,-514.851,3.24,245.0,Analgesic
PubChemQC_0013,CN1C=NC2=C1C(=O)N(C(=O)N2C)C,C8H10N4O2,Caffeine,RYYVLZVUVIJVGH-UHFFFAOYSA-N,-6.313,-1.197,5.116,-680.231,3.65,273.0,Purine alkaloid
PubChemQC_0014,CC(C)Cc1ccc(cc1)C(C)C(=O)O,C13H18O2,Ibuprofen,HEFNNWSXXWATRW-UHFFFAOYSA-N,-6.65,-0.58,6.07,-656.782,1.82,265.0,NSAID
PubChemQC_0015,O=C(O)c1ccccc1O,C7H6O3,Salicylic acid,YGSDEFSMJLZEOE-UHFFFAOYSA-N,-6.78,-1.25,5.53,-496.22,2.65,303.0,Keratolytic
PubChemQC_0016,CN(C)C(=N)N=C(N)N,C4H11N5,Metformin,XZWYZXLIPXDOLR-UHFFFAOYSA-N,-5.85,1.15,7.0,-433.15,3.85,233.0,Antidiabetic
PubChemQC_0017,COc1ccc2[nH]cc(CCN)c2c1,C11H14N2O,Serotonin derivative,SEERZDYHAFYXJW-UHFFFAOYSA-N,-5.25,-0.32,4.93,-574.65,2.8,298.0,Neurotransmitter analog
PubChemQC_0018,C1=CC=C(C=C1)C2=CC=CC=C2,C12H10,Biphenyl,ZUOUZKKEUPVFJK-UHFFFAOYSA-N,-6.35,-0.75,5.6,-463.45,0.0,248.0,Biaryl
PubChemQC_0019,C1=CC=C2C(=C1)C=CC3=CC=CC=C32,C14H10,Phenanthrene,YNPNZTXNASCQKK-UHFFFAOYSA-N,-5.92,-1.18,4.74,-539.68,0.0,251.0,PAH
PubChemQC_0020,C1=CC=C2C(=C1)C=C3C=CC=CC3=C2,C14H10,Anthracene,MWPLVEDNUUSJAV-UHFFFAOYSA-N,-5.54,-1.82,3.72,-539.67,0.0,375.0,Linear acene
