mol_id,smiles,formula,iupac_name,homo_eV,lumo_eV,gap_eV,dipole_Debye,zpve_eV,heavy_atoms
QM9_000001,C,CH4,methane,-10.549,3.178,13.727,0.0000,1.196,1
QM9_000002,N,NH3,ammonia,-7.374,2.114,9.488,1.6256,0.923,1
QM9_000003,O,H2O,water,-9.116,1.442,10.558,1.8511,0.584,1
QM9_000004,CC,C2H6,ethane,-9.872,2.830,12.702,0.0000,1.968,2
QM9_000005,C=C,C2H4,ethene,-7.837,0.871,8.708,0.0000,1.382,2
QM9_000006,C#C,C2H2,ethyne,-8.245,0.735,8.980,0.0000,0.736,2
QM9_000007,CO,CH4O,methanol,-7.646,1.823,9.469,1.7001,1.398,2
QM9_000008,CN,CH5N,methanamine,-6.830,2.150,8.980,1.3105,1.745,2
QM9_000009,C=O,CH2O,formaldehyde,-7.619,-0.381,7.238,2.3316,0.729,2
QM9_000010,C#N,HCN,hydrogen cyanide,-9.306,0.517,9.823,2.9852,0.435,2
QM9_000011,CCC,C3H8,propane,-9.551,2.776,12.327,0.0845,2.738,3
QM9_000012,CC=C,C3H6,prop-1-ene,-7.619,0.816,8.435,0.3662,2.152,3
QM9_000013,CC#C,C3H4,prop-1-yne,-7.946,0.680,8.626,0.7812,1.506,3
QM9_000014,CCO,C2H6O,ethanol,-7.510,1.769,9.279,1.6918,2.170,3
QM9_000015,COC,C2H6O,methoxymethane,-7.184,1.823,9.007,1.3082,2.164,3
QM9_000016,CCN,C2H7N,ethanamine,-6.748,2.095,8.843,1.2215,2.518,3
QM9_000017,CNC,C2H7N,N-methylmethanamine,-6.286,2.150,8.436,1.0118,2.512,3
QM9_000018,CC(=O)C,C3H6O,propan-2-one,-6.776,-0.490,6.286,2.8841,2.278,4
QM9_000019,CC(=O)O,C2H4O2,acetic acid,-7.429,-0.408,7.021,1.7410,1.670,4
QM9_000020,CC(=O)N,C2H5NO,acetamide,-6.694,-0.272,6.422,3.7605,2.015,4
QM9_000021,c1ccccc1,C6H6,benzene,-6.993,-0.163,6.830,0.0000,2.715,6
QM9_000022,c1ccncc1,C5H5N,pyridine,-7.238,-0.680,6.558,2.2150,2.392,6
QM9_000023,c1ccoc1,C4H4O,furan,-6.422,-0.109,6.313,0.6610,1.785,5
QM9_000024,c1ccsc1,C4H4S,thiophene,-6.531,-0.544,5.987,0.5501,1.710,5
QM9_000025,c1cc[nH]c1,C4H5N,pyrrole,-5.741,0.272,6.013,1.8052,2.120,5
QM9_000026,Cc1ccccc1,C7H8,toluene,-6.721,-0.190,6.531,0.3752,3.480,7
QM9_000027,Oc1ccccc1,C6H6O,phenol,-6.258,-0.245,6.013,1.2241,2.840,7
QM9_000028,Nc1ccccc1,C6H7N,aniline,-5.497,-0.054,5.443,1.5302,3.190,7
QM9_000029,O=Cc1ccccc1,C7H6O,benzaldehyde,-7.129,-1.497,5.632,3.1204,2.945,8
QM9_000030,O=[N+]([O-])c1ccccc1,C6H5NO2,nitrobenzene,-7.673,-2.177,5.496,4.2201,2.980,9
QM9_000031,N#Cc1ccccc1,C7H5N,benzonitrile,-7.347,-1.252,6.095,4.1802,2.650,8
QM9_000032,Fc1ccccc1,C6H5F,fluorobenzene,-6.939,-0.299,6.640,1.6601,2.580,7
QM9_000033,Clc1ccccc1,C6H5Cl,chlorobenzene,-6.857,-0.517,6.340,1.6902,2.510,7
QM9_000034,c1ccc2ccccc2c1,C10H8,naphthalene,-5.878,-1.088,4.790,0.0000,3.950,10
QM9_000035,c1ccc2[nH]ccc2c1,C8H7N,indole,-5.470,-0.435,5.035,2.1100,3.350,9
QM9_000036,c1ccc2ncccc2c1,C9H7N,quinoline,-6.694,-1.333,5.361,2.1901,3.620,10
QM9_000037,CC(=O)Oc1ccccc1C(=O)O,C9H8O4,aspirin,-7.020,-1.360,5.660,2.4500,4.420,13
QM9_000038,CC(=O)Nc1ccc(O)cc1,C8H9NO2,paracetamol,-5.768,-0.626,5.142,3.2400,4.310,11
QM9_000039,CN1C=NC2=C1C(=O)N(C(=O)N2C)C,C8H10N4O2,caffeine,-6.313,-1.197,5.116,3.6500,5.180,14
QM9_000040,C1CC1,C3H6,cyclopropane,-7.619,2.041,9.660,0.0000,2.140,3
