ref_number,citation_key,full_citation,thematic_category,key_scientific_contribution
1,roothaan1951new,"Roothaan, C. C. J. New Developments in Molecular Orbital Theory. Rev. Mod. Phys. 1951, 23, 69--89.",LCAO Mathematical Foundations,Roothaan-Hall self-consistent field equations formulation
2,hall1951molecular,"Hall, G. G. The Molecular Orbital Theory of Chemical Valency. VIII. A Method of Calculating Ionization Potentials. Proc. R. Soc. London. Ser. A 1951, 205, 541--552.",LCAO Mathematical Foundations,Molecular orbital theory for ionization potentials
3,woodward1965stereochemistry,"Woodward, R. B.; Hoffmann, R. Stereochemistry of Electrocyclic Reactions. J. Am. Chem. Soc. 1965, 87, 395--397.",Orbital Symmetry & Pericyclic Reactions,Conservation of orbital symmetry rules
4,fukui1982role,"Fukui, K. Role of Frontier Orbitals in Chemical Reactions. Science 1982, 218, 747--754.",Frontier Orbital Reactivity Theory,FMO theory of chemical reactivity and electrophile-nucleophile interactions
5,hohenberg1964inhomogeneous,"Hohenberg, P.; Kohn, W. Inhomogeneous Electron Gas. Phys. Rev. 1964, 136, B864--B871.",Density Functional Theory,Inhomogeneous electron gas theorems
6,kohn1965self,"Kohn, W.; Sham, L. J. Self-Consistent Equations Including Exchange and Correlation Effects. Phys. Rev. 1965, 140, A1133--A1138.",Density Functional Theory,Self-consistent equations for exchange-correlation
7,hachmann2011harvard,"Hachmann, J.; Olivares-Amaya, R.; Atahan-Evrenk, S.; Amador-Bedolla, C.; S{\'a}nchez-Carrera, R. S.; Gold-Parker, A.; Vogt, L.; Brockway, A. M.; Aspuru-Guzik, A. The Harvard Clean Energy Project: Large-Scale Computational Screening and Design of Organic Photovoltaics on the World Community Grid. J. Phys. Chem. Lett. 2011, 2, 2241--2251.",High-Throughput Photovoltaic Screening,Harvard Clean Energy Project: 2.3M organic molecules screened via DFT
8,dral2020quantum,"Dral, P. O. Quantum Chemistry in the Age of Machine Learning. J. Phys. Chem. Lett. 2020, 11, 2336--2347.",Machine Learning in Chemistry,Quantum chemistry in the age of machine learning
9,unke2021machine,"Unke, O. T.; Chmiela, S.; Sauceda, H. E.; Gastegger, M.; Poltavsky, I.; Sch{\""u}tt, K. T.; Tkatchenko, A.; M{\""u}ller, K.-R. Machine Learning Force Fields. Chem. Rev. 2021, 121, 10142--10186.",Machine Learning in Chemistry,Physics-informed machine learning for atomistic simulations
10,vonlilienfeld2020retrospective,"von Lilienfeld, O. A.; M{\""u}ller, K.-R.; Tkatchenko, A. Exploring Chemical Compound Space with Quantum-Based Machine Learning. Nat. Rev. Chem. 2020, 4, 347--358.",Chemical Space & Machine Learning,Retrospective on quantum machine learning in chemical compound space
11,schutt2018schnet,"Sch{\""u}tt, K. T.; Sauceda, H. E.; Kindermans, P.-J.; Tkatchenko, A.; M{\""u}ller, K.-R. SchNet--A Deep Learning Architecture for Molecules and Materials. J. Chem. Phys. 2018, 148, 241722.",Geometric Deep Learning,SchNet: Continuous-filter convolutional neural networks for atomistic systems
12,batzner2022e3,"Batzner, S.; Musaelian, A.; Sun, L.; Geiger, M.; Mailoa, J. P.; Kornbluth, M.; Molinari, N.; Smidt, T. E.; Kozinsky, B. E(3)-Equivariant Graph Neural Networks for Data-Efficient and Accurate Interatomic Potentials. Nat. Commun. 2022, 13, 2453.",Equivariant Neural Networks,E(3)-equivariant neural network potential for molecular dynamics
13,batatia2022mace,"Batatia, I.; Kovacs, D. P.; Simm, G. N. C.; Ortner, C.; Cs{\'a}nyi, G. MACE: Higher Order Equivariant and Scalable Message Passing Neural Networks for Materials. Adv. Neural Inf. Process. Syst. (NeurIPS) 2022, 35, 11423--11436.",Equivariant Neural Networks,MACE: Higher-order equivariant message passing for molecules
14,ramakrishnan2014quantum,"Ramakrishnan, R.; Dral, P. O.; Rupp, M.; von Lilienfeld, O. A. Quantum Chemistry Structures and Properties of 134 Kilo Molecules. Sci. Data 2014, 1, 140022.",Benchmark Datasets,QM9 dataset: 134k small organic molecules with DFT properties
15,qiao2020orbnet,"Qiao, Z.; Welborn, M.; Anandkumar, A. S.; Manby, F. R.; Miller, T. F. OrbNet: Deep Learning for Quantum Chemistry Using Symmetry-Adapted Atomic-Orbital Features. J. Chem. Phys. 2020, 153, 124111.",Orbital-Feature Networks,OrbNet: Deep learning potential using semi-empirical molecular orbital features
16,schutt2019unifying,"Sch{\""u}tt, K. T.; Gastegger, M.; Tkatchenko, A.; M{\""u}ller, K.-R. Unifying Machine Learning and Quantum Chemistry with Deep Neural Networks for Wavefunctions, Electron Densities, and Orbital Energies. Nat. Commun. 2019, 10, 5024.",Operator & Property Learning,Unifying machine learning and quantum chemistry via deep representations
17,li2022deeph,"Li, H.; Wang, Z.; Zou, N.; Gu, M.; Duan, C. G.; Xu, Y.; Duan, W. Deep-Learning Density Functional Theory Hamiltonian for Efficient Ab Initio Electronic-Structure Calculations. Nat. Comput. Sci. 2022, 2, 367--377.",Hamiltonian Operator Learning,DeepH: Deep-learning DFT Hamiltonian for ab initio electronic structure
18,li2023deeph2,"Li, H.; Tang, X.; Ni, X.; Xu, Y.; Duan, W. DeepH-2: A Universal Deep-Learning Framework for Material Electronic Structures. npj Comput. Mater. 2023, 9, 132.",Hamiltonian Operator Learning,DeepH-2: Equivariant deep-learning neural network for electronic Hamiltonians
19,becke1993density,"Becke, A. D. Density-Functional Thermochemistry. III. The Role of Exact Exchange. J. Chem. Phys. 1993, 98, 5648--5652.",DFT Functionals,B3LYP hybrid exchange-correlation functional
20,grimme2010consistent,"Grimme, S.; Antony, J.; Ehrlich, S.; Krieg, H. A Consistent and Accurate Ab Initio Parametrization of Density Functional Dispersion Correction (DFT-D) for the 94 Elements H-Pu. J. Chem. Phys. 2010, 132, 154104.",Dispersion Corrections,DFT-D3 consistent dispersion corrections
21,schutt2021equivariant,"Sch{\""u}tt, K. T.; Unke, O. T.; Gastegger, M. Equivariant Message Passing for the Prediction of Tensorial Properties and Molecular Spectra. Proc. Mach. Learn. Res. (ICML) 2021, 139, 9377--9388.",Equivariant Message Passing,Equivariant message passing for tensorial properties and molecular spectra
22,nakata2017pubchemqc,"Nakata, M.; Shimazaki, T. PubChemQC Project: A Large-Scale First-Principles Electronic Structure Database for Data-Driven Chemistry. J. Chem. Inf. Model. 2017, 57, 1300--1308.",Benchmark Datasets,PubChemQC: 3.98M molecule first-principles electronic structure database
23,smith2017ani,"Smith, J. S.; Isayev, O.; Roitberg, A. E. ANI-1: An Extensible Neural Network Potential with DFT Accuracy at Force Field Computational Cost. Chem. Sci. 2017, 8, 3192--3203.",Neural Network Potentials,ANI-1: Extensible neural network potential with DFT accuracy
24,jimenezluna2020drug,"Jim{\'e}nez-Luna, J.; Grisoni, F.; Schneider, G. Drug Discovery with Explainable Artificial Intelligence. Nat. Mach. Intell. 2020, 2, 573--584.",Explainable AI & QSAR,Drug discovery with explainable artificial intelligence (XAI)
25,reed1985natural,"Reed, A. E.; Weinstock, R. B.; Weinhold, F. Natural Population Analysis. J. Chem. Phys. 1985, 83, 735--746.",Population Analysis,Natural population analysis and natural atomic orbitals (NPA/NBO)
26,mulliken1955electronic,"Mulliken, R. S. Electronic Population Analysis on LCAO--MO Molecular Wave Functions. I. J. Chem. Phys. 1955, 23, 1833--1840.",Population Analysis,Mulliken electronic population analysis on LCAO wave functions
27,lowdin1950non,"L{\""o}wdin, P.-O. On the Non-Orthogonality Problem Connected with the Use of Atomic Wave Functions in the Theory of Molecules and Crystals. J. Chem. Phys. 1950, 18, 365--375.",Orthogonalization Schemes,Löwdin symmetric orthogonalization of non-orthogonal atomic orbitals
28,gombarelli2018automatic,"G{\'o}mez-Bombarelli, R.; Wei, J. N.; Duvenaud, D.; Hern{\'a}ndez-Lobato, J. M.; S{\'a}nchez-Lengeling, B.; Sheberla, D.; Aguilera-Iparraguirre, J.; Hirzel, T. D.; Adams, R. P.; Aspuru-Guzik, A. Automatic Chemical Design Using a Data-Driven Continuous Representation of Molecules. ACS Cent. Sci. 2018, 4, 268--276.",Reaction Screening,Automated reaction network exploration using semi-empirical orbitals
29,ghosh2019deep,"Ghosh, K.; Stuke, A.; Todorovi{\'c}, M.; J{\o}rgensen, P. B.; Schmidt, M. N.; Vehtari, A.; Rinke, P. Deep Learning Spectra in the Chemical Compound Space. Adv. Sci. 2019, 6, 1801367.",Optical Spectra Prediction,Deep learning prediction of UV-Vis spectra and transition densities
30,coley2019graph,"Coley, C. W.; Jin, W.; Rogers, L.; Jamison, T. F.; Jaakkola, T. S.; Green, W. H.; Barzilay, R.; Jensen, K. F. A Graph-Convolutional Neural Network Model for the Prediction of Chemical Reactivity. Chem. Sci. 2019, 10, 370--377.",Reaction Regioselectivity,Graph-convolutional models predicting EAS regioselectivity via FMO indices
31,janet2017predicting,"Janet, J. P.; Kulik, H. J. Predicting Electronic Structure Properties of Transition Metal Complexes with Neural Networks. Chem. Sci. 2017, 8, 5137--5152.",Transition Metal Spin States,Neural networks predicting transition metal spin multiplicities & splittings
32,ghasemi2018neural,"Ghasemi, F.; Mehridehnavi, A.; P{\'e}rez-S{\'a}nchez, A.; P{\'e}rez-S{\'a}nchez, H. Investigation of Neural Network Architectures in Predicting Bioactivity of Kinase Inhibitors. J. Chem. Inf. Model. 2018, 58, 1499--1512.",Medicinal Chemistry & Kinases,Neural network QSAR models for kinase inhibitor selectivity
33,stokes2020deep,"Stokes, J. M.; Yang, K.; Swanson, K.; Jin, W.; Cubillos-Ruiz, A.; Donghia, N. M.; MacNair, C. R.; French, S.; Carfrae, L. A.; Bloom-Ackermann, Z.; et al. A Deep Learning Approach to Antibiotic Discovery. Cell 2020, 180, 688--702.",Drug Discovery & Screening,Deep learning approach to antibiotic and covalent inhibitor discovery
34,bogojeski2020quantum,"Bogojeski, M.; Vogt-Maranto, L.; Tuckerman, M. E.; M{\""u}ller, K.-R.; Burke, K. Quantum Chemical Accuracy from Density Functional Approximations via Machine Learning. Nat. Commun. 2020, 11, 5223.",Out-of-Distribution Physics,Quantum chemical active learning for high-energy non-equilibrium states
35,kulik2022roadmap,"Kulik, H. J.; Hammerschmidt, T.; Schmidt, J.; Foppa, L.; Canepa, P. C.; Cs{\'a}nyi, G.; et al. Roadmap on Machine Learning in Materials Science. Modelling Simul. Mater. Sci. Eng. 2022, 30, 083001.",Future Horizons & Roadmap,Roadmap on machine learning in the physical sciences
